4,845
large,1117
ripe,39
tomatoes,368
cut,342
1-inch,82
chunks,27
20,198
cherry,19
halved,73
2,2698
Hass,4
avocados,15
pitted,25
peeled,171
1,4157
red,466
onion,671
thinly,180
sliced,355
Toasted,9
Cumin,8
Vinaigrette,11
recipe,212
follows,186
cups,733
arugula,36
leaves,470
teaspoon,1214
ground,913
cumin,145
1/4,871
cup,2129
freshly,663
chopped,1122
cilantro,177
fresh,624
lime,145
juice,343
tablespoons,1400
rice,143
wine,294
vinegar,199
tablespoon,711
honey,131
seeds,114
lightly,190
toasted,93
olive,684
oil,1545
canola,108
Salt,504
pepper,2075
Gently,34
mix,225
onions,411
half,226
vinaigrette,32
bowl,838
Check,10
seasoning,223
add,806
needed,60
Sprinkle,197
top,475
serve,329
immediately,101
black,715
12,178
(,1107
1/4-inch,66
thick,163
),1104
slices,271
bacon,231
Preheat,494
oven,817
300,14
degrees,535
F,535
Place,514
garlic,819
small,517
ramekin,3
drizzle,99
wrap,69
foil,182
Bake,226
soft,98
45,81
minutes,2296
cool,243
enough,73
handle,28
squeeze,23
flesh,16
head,30
Arrange,85
tenderloins,18
work,49
surface,73
Rub,39
tenderloin,9
1/2,1675
roasted,69
season,274
salt,1687
Mix,129
together,294
herbs,38
scatter,7
Wrap,27
6,383
strips,51
around,86
tie,7
place,243
kitchen,29
twine,18
Heat,346
375,68
medium,976
skillet,392
medium-high,214
heat,1468
Sear,6
golden,335
brown,546
sides,268
Transfer,235
seared,5
roasting,68
pan,1105
cook,811
doneness,38
8,407
10,408
cutting,63
board,51
let,247
stand,68
Remove,625
carving,7
Lemon,11
Glazed,1
Sweet,7
Potatoes,4
1-tablespoon,1
to10,2
Spanish,24
paprika,109
teaspoons,368
dark,58
sugar,572
chile,44
de,24
arbol,9
powder,268
kosher,120
coarsely,129
pine,23
nuts,54
3,1178
grated,310
Parmesan,253
",42
Barbecue,1
Cilantro,5
Combine,189
rub,40
ingredients,184
peppers,178
cheese,655
food,113
processor,108
process,54
combined,87
motor,5
running,19
emulsified,8
taste,306
grill,467
high,391
Brush,101
fillet,14
side,400
barbecue,19
slightly,159
charred,44
crust,81
formed,12
Turn,82
fish,98
longer,81
cooked,296
Top,120
pesto,30
garnish,142
sesame,81
plus,241
sprinkling,12
cloves,152
pressed,3
soy,90
sauce,958
sherry,25
water,626
ginger,114
finely,285
scallions,107
green,177
white,221
parts,14
mixed,23
tips,9
chili,152
flakes,158
pounds,161
short,19
ribs,78
thin,78
pieces,294
inches,54
long,25
Grind,2
coffee,9
grinder,2
fine,26
stir,308
thoroughly,44
baking,512
dish,267
pour,76
marinade,78
turn,132
coat,189
Cover,178
marinate,34
refrigerator,72
hours,154
crispy,29
15,242
Reduce,100
close,21
cover,197
tender,261
platter,148
sprinkle,113
beef,186
1/2-inch,96
cubes,68
diced,346
ancho,29
pasilla,8
bottle,16
beer,46
5,650
homemade,12
chicken,1024
stock,277
canned,37
low-sodium,26
16-ounce,14
drained,103
pureed,24
chipotle,46
puree,67
beans,155
rinsed,26
Crema,7
Avocado,9
Relish,9
seed,5
Mexican,14
crema,5
creme,17
fraiche,17
jalapeno,64
serrano,25
Lime,5
Chopped,17
Dutch,49
Season,332
saute,320
browned,89
meat,363
plate,158
remove,169
fat,74
Add,1676
additional,62
completely,115
reduced,57
Return,69
pot,458
bring,165
boil,319
simmer,272
continue,94
cooking,197
adjust,31
seasonings,42
Serve,235
dollop,22
smashed,16
bottles,4
mustard,156
piece,86
Hot,15
dog,5
buns,34
bread,345
hoagie,5
hot,372
German,1
optional,63
Spicy,11
Pickles,2
Pickled,8
beets,17
eggs,291
whole,126
cabbage,50
shredded,125
along,34
bottom,158
stockpot,15
bratwurst,3
coriander,23
caraway,2
Bring,200
grates,13
burner,10
Simmer,63
sausages,14
mixture,717
sit,58
liquid,146
pair,3
tongs,20
onto,109
slotted,55
spoon,155
Grill,94
casings,7
crisp,86
per,99
sauerkraut,3
desired,80
Garnish,89
pickles,16
pickled,8
all-purpose,53
flour,420
soda,69
cold,82
unsalted,82
butter,909
buttermilk,53
heavy,196
cream,478
melted,159
450,29
Pulse,17
twice,7
distribute,8
evenly,143
Scatter,10
pulse,30
times,32
resembles,6
coarse,47
meal,8
begins,29
come,22
Scrape,17
dough,179
floured,26
counter,19
Pat,16
12-inch,10
rectangle,17
3/4-inch,14
Use,16
3-inch,23
round,29
cutter,15
make,122
biscuits,43
prepared,129
sheet,237
Press,26
scraps,2
repeat,19
sheets,49
lined,57
parchment,44
paper,181
brush,51
tops,51
fruit,21
oranges,13
lemons,19
1/8,22
measured,1
separate,34
divided,60
margarine,5
pouches,4
pectin,4
blueberries,17
super,3
somewhere,1
jam,14
Using,133
vegetable,109
peeler,6
zest,133
Cut,126
chop,45
grind,9
set,179
aside,194
Peel,14
discard,32
remaining,434
part,22
peel,27
Chop,17
pulp,3
reserving,39
peels,2
saucepan,174
stirring,252
occasionally,133
reserved,72
Stir,325
reduce,113
foaming,2
full,33
rolling,12
constantly,38
exactly,2
minute,179
skim,3
foam,5
metal,16
Toss,93
Scoop,3
marmalade,4
syrup,71
finished,10
room,138
temperature,177
combine,361
incorporated,31
pomegranate,13
molasses,20
3/4,256
horseradish,12
Dijon,35
turkey,179
stick,90
softened,68
broth,211
Whisk,161
Set,123
least,83
30,227
using,103
allow,83
flavors,30
meld,12
neck,7
heart,11
gizzard,1
inside,29
Rinse,12
bird,8
pat,35
dry,197
entire,21
well,213
including,6
cavity,17
Truss,3
breast-up,1
rack,122
Roast,34
350,210
basting,18
every,30
hour,121
instant-read,26
thermometer,45
inserted,37
thigh,9
register,1
160,6
last,24
stop,5
glaze,39
loosely,36
tent,25
rest,105
slicing,24
sticks,55
light,97
muscovado,10
vanilla,165
extract,83
milk,287
chocolate,103
chips,76
toffee,12
almonds,35
Butter,48
line,7
9-by-9-by-2-inch,1
allowing,15
2-inch,62
overhang,7
lining,3
too,3
Melt,55
sugars,16
whisk,137
Fold,53
transfer,97
24,39
27,5
cracks,1
firm,94
touch,8
skewer,11
center,135
comes,46
moist,7
clinging,1
it,28
wire,26
bars,8
handles,2
squares,14
Greek,10
yogurt,27
Kosher,94
Peanut,5
frying,45
New,12
Mexico,4
Jicama,3
serving,259
Make,31
blue,33
Refrigerate,30
wings,58
peanut,38
high-sided,6
deep-fry,7
registers,23
shallow,84
batches,46
Tap,1
excess,83
fry,37
paper-towel-lined,2
smooth,145
toss,148
jicama,4
Photograph,18
Con,3
Poulos,3
1-inch-thick,3
slice,96
pancetta,109
dice,38
egg,273
yolks,46
whisked,2
thyme,197
ounces,244
Asiago,20
American,1
cheddar,13
Goot,1
Essa,1
Mountain,2
Valley,2
towels,68
raise,8
whisking,29
thickened,40
cayenne,72
different,2
cheeses,39
appears,2
warm,189
time,119
Put,100
macaroni,35
parsley,306
cheddars,1
fontina,13
heated,41
Cinnamon,2
Crunch,1
cinnamon,130
7,118
Crust,5
graham,21
cracker,18
crumbs,146
beaten,95
Filling,6
11/4,1
nutmeg,97
Bourbon-Maple,2
Whipped,6
Cream,9
Grade,1
B,2
maple,22
crunch,4
preheat,42
oats,18
4-inch,7
square,15
parchment-lined,1
Keep,18
on,5
10-inch,6
pie,72
filling,107
pumpkin,28
Strain,23
strainer,12
shell,24
edges,59
still,88
jiggles,4
shaken,3
60,9
whipped,44
pound,301
pork,221
veal,24
pure,34
bay,133
leaf,86
bunch,23
#,4
9,84
spaghetti,39
Freshly,56
soften,22
minced,205
country,4
loaf,44
Meatballs,2
except,17
Roll,33
balls,40
Tomato,19
Sauce,76
meatballs,45
30-40,1
basil,216
Spaghetti,1
salted,85
al,71
dente,71
Drain,153
colander,17
Garlic,7
Bread,6
Spread,76
broil,13
allspice,21
bourbon,10
ketchup,45
1/3,208
bone-in,9
skin-on,5
breasts,72
thighs,31
legs,5
spice,22
bbq,2
heavy-bottomed,9
Cool,58
Pour,196
keep,98
week,5
stored,5
tightly,30
sealed,6
container,44
slowly,21
lid,49
closed,6
rendered,7
Begin,8
brushing,13
liberally,25
grilling,24
whole-grain,14
apple,44
concentrate,6
thawed,50
quartered,38
sprigs,86
shallots,95
apples,25
chunky,13
refrigerate,86
Let,129
4-pound,6
Frenched,1
removed,45
peppercorns,12
dissolved,13
Submerge,3
roast,102
brine,10
placing,3
plastic,101
425,38
finish,26
internal,22
150,5
25,73
tented,3
whiskey,4
scraping,30
wooden,62
almost,51
consistency,19
chops,67
Apple-Ginger,1
Chutney,1
little,89
chutney,2
sprig,15
quarts,14
granulated,76
boneless,44
breast,77
Spice,7
Vegetable,15
Sour,5
Orange,3
Flat-leaf,2
orange,100
flat-leaf,30
dissolve,12
brining,1
solution,1
rinse,10
skin,86
dip,19
40,40
155,4
rise,11
Slice,49
resting,6
Ladle,37
sour,108
grilled,36
recommended,115
Frank,2
's,81
Canola,15
sure,33
ready,39
indirect,10
seconds,68
portions,17
Drizzle,77
uncovered,28
nicely,12
Flip,17
moving,7
good,25
amount,18
done,38
Watermelon,1
Salad,14
3-pound,8
washed,15
patted,3
butterflied,5
rounds,20
feta,19
crumbled,33
hardwood,2
charcoal,13
move,5
gas,11
leave,5
section,7
off,10
direct,5
Open,7
necessary,50
maintain,3
without,20
letting,3
burn,7
blistered,4
flip,16
17,11
flipping,3
Slowly,21
oregano,106
carve,1
arrange,39
lemon,330
halves,29
cucumbers,9
olives,37
Tear,3
made,26
paste,85
renders,1
becomes,8
boiled,4
ham,34
dill,33
need,13
16,36
flat,31
cut-side,6
pickle,8
another,142
Repeat,57
juices,86
Spoon,78
crackers,36
walnuts,40
8-ounce,40
packages,25
Philadelphia,1
packed,44
bean,28
scraped,9
Apple,9
Mixture,2
Caramel,3
cheesecake,10
Granny,3
Smith,3
seeded,81
Fuji,2
brandy,16
Calvados,3
Pinch,40
feed,1
tube,13
Spray,25
spray,59
9-inch,50
springform,11
bake,120
fixer,1
fitted,23
paddle,6
attachment,13
beat,95
fluffy,35
duty,4
aluminum,42
fold,38
cake,145
tap,5
halfway,16
seeping,1
puffed,9
55,4
prop,1
door,8
open,23
bath,10
chilled,15
through,64
topping,54
caramel,11
carrots,123
't,18
fit,9
cauliflower,25
florets,15
goat,24
400,58
Layer,20
casserole,79
Cook,331
Note,43
Recipe,7
doubled,10
yellow,102
ras,2
al-hanut,3
*,25
Large,4
pinch,16
saffron,8
soaked,16
15-ounce,48
chickpeas,12
dried,153
apricots,6
moons,3
Harissa,2
Ras,1
many,3
spices,36
used,8
Moroccan,1
available,33
markets,3
online,1
tagine,1
soaking,1
Nestle,3
stovetop,3
35,36
check,8
eighths,2
cremini,6
mushrooms,154
bell,94
julienned,20
rosemary,89
aged,6
balsamic,52
capers,40
size,30
Basil,3
Parmigiano-Reggiano,13
smoking,17
medium-low,48
Increase,14
Clarified,1
emincer,1
shallot,44
ciseler,1
Cognac,2
enriched,3
tomato,174
concasse,1
1-ounce,11
tarragon,10
chervil,2
clarified,1
back,100
nappe,1
swirl,4
monter,1
au,3
beurre,2
added,8
break,22
breastbone,1
even,25
bias,7
joint,3
thighbones,1
leg,2
contains,2
bone,16
plates,49
napped,1
SERVES,18
Calories,58
Total,110
Fat,115
21,7
grams,316
Saturated,57
Protein,58
50,12
carbohydrates,50
Sugar,57
Fiber,58
0,27
Cholesterol,58
190,1
milligrams,109
Sodium,58
447,1
1/2-,4
90,8
percent,14
lean,13
burger,31
split,28
beefsteak,3
avocado,33
Worcestershire,56
clove,25
romaine,13
lettuce,38
lay,6
across,19
grate,4
fall,8
Form,29
burgers,70
melt,94
bun,31
dressed,6
steak,109
trimmed,53
pounded,5
sweet,63
slab,4
lardons,2
heaping,9
Finely,10
Fresh,19
250,8
equal,32
divide,10
dishes,10
Dredge,27
drain,87
second,39
heats,3
cast,27
iron,28
reaches,21
gravy,37
leaving,21
crunchy,5
breading,8
stove,38
lots,10
person,3
ladled,1
garnished,12
skinless,30
seasoned,26
mozzarella,89
crushed,138
drip,10
dredge,20
Divide,39
pans,39
mayonnaise,100
celery,153
Cabrales,3
chives,54
low,134
dipping,39
snow,7
peas,65
peanuts,19
mint,54
Chili,5
Grilled,17
dressing,50
muscavado,5
5-ounce,5
block,3
semisweet,5
Callebaut,2
Line,48
silicon,1
pads,2
electric,56
mixer,86
mixing,53
beating,28
ice,57
scoop,20
cookie,55
middle,27
cookies,32
11,22
removing,11
wide,22
spatula,30
eating,2
Gala,1
combination,6
left,11
core,5
baby,32
spinach,130
heads,7
endive,4
Maytag,1
Danish,1
lard,2
2/3,31
jalapenos,31
Extra-virgin,15
Cotija,2
pale,16
frozen,113
forms,26
flatten,12
disk,2
roll,85
disks,1
16-inch,1
Reserve,20
purpose,5
freezer,14
double,17
wrapped,8
single,16
months,6
Fit,4
deep-dish,1
tart,8
removable,2
gently,84
pressing,17
sharp,37
knife,44
trim,8
edge,25
chill,8
fill,22
weights,4
way,22
blade,6
pesto-like,1
want,10
bit,22
texture,7
shimmer,3
chorizo,11
deep,65
wedges,57
espresso,18
rib-eye,6
steaks,61
2-inches,6
approximately,47
medium-rare,19
dashes,1
Bobby,5
Flay,5
favorite,12
blender,62
blend,128
strong,5
creamy,25
sifted,7
confectioners,43
',52
325,38
slot,1
muffin,41
cupcake,17
liners,8
Sift,12
cocoa,20
speed,39
Continue,39
lowest,5
Beat,48
third,15
Fill,35
sections,3
tin,14
centers,1
spring,1
Buttercream,2
blended,38
gradually,12
pastry,43
bag,61
plain,17
tip,8
Insert,2
cooled,24
Ganache,3
Frosting,9
scald,1
pourable,1
Dunk,1
cupcakes,13
frosting,25
carrot,45
sage,58
country-style,2
accumulated,8
strain,10
clean,62
Fontina-Mushroom,1
Sandwich,2
among,20
butter-side,1
up,25
sandwiches,13
turning,49
nicoise,1
roughly,23
champagne,2
smoked,52
Crumble,10
Serves,8
415,1
31,3
684,1
best-quality,2
Meanwhile,104
portion,8
finally,3
brick,3
press,39
Lower,13
become,13
drizzling,28
get,14
hard,8
cucumber,26
bittersweet,15
14,38
whites,31
Sweetened,2
Shaved,1
bain,2
marie,2
boiler,6
peaks,14
hold,17
whip,6
Gradually,23
whipping,16
once,3
mousse,1
goblets,1
topped,13
shaved,6
18,36
chiles,28
Scant,1
piquillo,1
harissa,1
tahini,1
vine-ripe,1
Falafel,1
absorb,10
moisture,11
Chickpeas,1
totally,2
4-inches,4
330,3
heating,4
stopping,6
scrape,27
ping,1
pong,1
Fry,15
blonde,1
color,20
spooning,4
falafel,6
farro,5
Japanese,6
eggplants,3
thickly,8
Olive,26
boiling,62
eggplant,20
Sherry,4
Vinegar,2
Best,1
served,6
flaky,1
mahi,3
orata,1
juiced,67
tortillas,51
Shredded,2
Thinly,7
Pureed,1
Salsa,14
down,14
first,31
flake,4
fork,63
garnishes,6
cassis,2
Vidalia,12
Poultry,1
baguette,9
nonreactive,4
2-pound,4
flank,18
French,16
Sliced,5
Puree,14
immersion,8
Move,4
cooler,2
away,26
Baste,4
several,16
grain,25
mounds,5
Monterey,5
jack,12
return,46
torn,26
chickens,6
quart,17
overnight,15
powders,2
platters,2
generously,15
waxed,11
Working,14
Yield,3
servings,3
cubed,19
watermelon,5
liqueur,14
melon,3
empty,4
cube,6
trays,2
freeze,6
martini,1
glasses,4
glass,31
wedge,8
hazelnuts,17
unsweetened,12
Dutch-process,1
firmly,13
coconut,45
corn,156
sweetened,15
Position,8
two,10
9-inch-round,1
bottoms,15
batter,69
toothpick,17
attached,5
cakes,16
Invert,7
prepare,28
amber,6
carefully,23
rum,19
pecans,49
assemble,18
horizontally,5
layer,93
spread,62
one-third,4
layers,24
top-side,1
ganache,3
heatproof,2
placed,7
rimmed,4
Coconut,1
Yunhee,2
Kim,2
potatoes,277
towel-lined,8
Carefully,30
shrimp,130
shells,40
tails,3
bags,7
Per,29
177,1
gram,13
172,1
1923,1
crystallized,3
Blackberry,3
11-ounce,1
jars,3
curd,11
half-sheet,1
nonstick,102
next,30
followed,1
tester,6
Run,6
trifle,1
start,12
gingerbread,7
blackberry,3
Curd,1
mangoes,4
candied,4
thickens,24
infuse,5
12-muffin,2
liner,7
alternating,5
everything,6
preheated,23
feel,2
Allow,24
prior,4
caramelized,27
mango,8
buttercream,2
Pass,7
mesh,4
soft-ball,1
stage,2
238,1
242,2
candy,14
Immediately,3
buttered,17
measuring,7
halt,1
adding,60
manner,3
Frost,5
Red,19
Chile-Tomato,1
Goat,1
Cheese,8
Dip,25
tortilla,41
tomato-chile,1
rolled,4
snugly,1
enchiladas,11
russet,6
1/8-inch,9
mandoline,3
Gruyere,9
8-inch,16
bubbly,28
orzo,41
lengthwise,51
extra,56
de-veined,1
salad,56
take-out,1
containers,5
Italian,81
cleaned,6
chuck,24
80,2
85,2
epazote,1
Green,6
Chile,6
tomatillos,15
husked,7
stemmed,8
Pepper,12
starting,28
Brown,40
well-browned,1
vegetables,127
poblano,26
stems,30
long-grain,6
partially,7
Wipe,8
covered,48
Fluff,6
1-pound,14
trout,2
scaled,2
gutted,1
Lemon-Parsley,2
Parsley,4
poblanos,6
Lay,11
secure,12
toothpicks,16
prosciutto,26
Squeeze,9
MAIN,5
414,1
42,4
0.5,5
148,1
1,546,1
squeezed,25
extra-virgin,259
paillard,1
arugula-tomato,1
292,2
gram2,1
73,2
152,1
Chipotle,5
Blue,3
Cheese-Yogurt,1
depending,16
spicy,12
like,35
pint,13
fingerling,3
scrubbed,9
garlic-oregano,1
ears,19
husk,15
kernels,25
Walla,2
100,1
advance,7
refrigerated,19
day,20
limes,25
habanero,11
husks,6
them,10
silks,3
recover,2
Soak,6
shake,22
Unwrap,4
cotija,3
zested,44
Take,12
put,43
137,1
5.5,2
2.5,2
14.5,1
199,1
crosswise,20
ciabatta,7
Baby,3
steam,8
Honey,5
slight,2
char,8
tbsp,2
313,1
26,3
3.5,3
19,10
158,1
scallion,4
Scotch,4
bonnet,2
stem,10
drumsticks,5
MANGO-CILANTRO,1
RELISH,1
courtesy,4
Piece,1
tiny,2
holes,6
48,8
intense,2
flavor,20
be,1
Chicken,7
Cabbage,3
Slaw,5
Pineapple,4
store,22
bought,12
pineapple,41
preferably,13
Golden,1
fillets,36
Citrus,3
fried,20
Charred,1
Pineapple-habanero,1
sausage,79
cored,10
rings,24
pizza,33
ricotta,60
pizzas,3
dollops,4
Guava,3
Glaze,19
Orange-Habanero,2
Mojo,2
guava,1
jelly,8
apricot,5
frequently,38
mushroom,36
caps,7
cap,8
Stack,5
garnishing,6
Rubbed,1
Onions,6
translucent,50
excluding,1
crusty,34
Bourbon-BBQ,2
baste,13
hickory,2
crumble,17
chipotles,8
drops,7
croutons,9
salmon,54
watercress,5
mustards,5
sea,36
scallops,14
Jalapeno,3
Pesto,4
chip,1
scallop,2
105,1
115,4
Shrimp,2
deveined,23
yeast,15
proof,1
knead,8
Grease,21
volume,2
risen,2
use,35
Chile-White,1
Anchovy,1
Caesar,1
Pizza,1
ball,20
circles,2
circle,9
36,5
Serrano-Mint,2
careful,30
overcook,4
tough,10
rubbery,1
eat,3
Wooden,1
skewers,15
Thread,3
lie,1
243,1
53,1
1,934,1
shelled,5
Special,17
equipment,13
Skewer,6
jumbo,11
Lemon-Dill,1
non-reactive,1
skirt,5
adobo,18
chimichurri,3
mortar,2
pestle,2
chimmichurri,1
12-ounce,20
filet,6
mignons,2
mizuna,1
bite-size,12
Ginger,1
Dressing,5
Cheddar,47
Pepper-Tomato,1
plum,15
filling-side,1
Parcook,1
fork-tender,7
potato,55
cast-iron,6
SIDE,3
209,1
174,1
Steve,2
Giralt,2
Splash,5
tilapia,3
stalk,13
Watercress,2
Leave,13
tuna,14
flaking,1
flaked,6
Yukon,4
gold,3
halve,3
mashing,4
zucchini,43
Wedge,2
Pecorino,9
Romano,29
shaving,1
wilted,11
Dusted,1
Tortillas,1
and/or,2
quarters,11
molcajete,1
hamburger,8
Horseradish,3
Mustard,4
Romaine,1
Lettuce,2
Dill,2
Ketchup,3
4-ounce,8
Honey-Mustard,1
reduces,10
Ribs,2
500,9
racks,7
broiler,90
heavily,2
wing,1
discarded,5
instead,1
Wings,1
brioche,2
13-inch,18
tear,6
soak,15
pudding,28
strawberries,17
Homemade,2
Mango,3
Habanero,1
Mango-Habanero,1
old,2
Pullman,1
Pain,1
mie,1
Egg,2
battered,1
Roasted,8
griddled,1
assembly,3
ladle,24
blending,8
days,14
wilt,12
sake,2
mediumsize,1
mediumrare,1
include,1
13,58
74,1
572,1
lamb,15
shoulder,3
boned,2
Dash,8
Onion,12
bowls,72
shanks,23
strained,5
cheesecloth,8
28-ounce,26
cans,49
Bechamel,5
pasta,491
lasagna,24
noodles,44
Ricotta,2
Grated,11
Bolognese,3
falling,2
shred,14
Mornay,1
Sace,1
loses,1
raw,19
Assembly,1
bechamel,12
final,7
bubbling,13
Maple,2
Blueberry,2
Syrup,3
grade,1
strip,10
Cassis,2
unbleached,1
cane,6
separated,6
tartar,4
pats,1
Compote,1
griddle,23
wet,13
pancake,1
measure,6
remains,6
Empty,2
contents,3
Alternatively,3
microwave,25
power,3
pancakes,3
raspberries,14
Irish,2
Fontina,8
Parmigiano,30
Reggiano,5
elbow,14
increase,4
Cheddars,1
stocks,2
flavored,1
canella,1
Bosc,1
pears,2
soup,219
handful,27
Spinach,4
Pear,2
Pancetta,1
Saute,75
drippings,28
out,7
new,4
mashed,20
Swiss,15
1/4-inch-thick,6
3/4-inch-thick,3
depression,2
thumb,2
sandwich,24
provolone,16
Steak,24
melts,34
Baking,1
Chocolate,5
Dutch-processed,1
Adjust,38
position,1
mini-muffin,3
tins,10
foamy,2
machine,15
stiff,6
form,46
Wash,12
now-empty,1
streaks,2
remain,5
Stop,1
fully,13
rubber,14
lighten,2
three-quarters,2
frost,3
Creamy,1
miso,2
fermented,1
soybean,1
mirin,9
Yuzu,1
yuzu,1
517,1
31.5,1
1.5,6
125,2
634,1
Bourbon-Ancho,2
Potato,5
Tamale,2
Pecan,3
preferable,1
cornmeal,6
Plate,1
stalks,18
Port,2
Orzo,3
Pasta,1
Slow,1
Tomatoes,1
sear,18
reserve,33
braising,10
Dissolve,3
hand,25
greased,23
bulk,11
70,2
punch,4
shape,18
shapes,5
paper-lined,1
high-quality,1
narrow,3
ends,30
simmering,18
additions,1
drop,12
Smooth,1
marbleized,1
effect,5
beginning,17
pull,7
23,1
gooey,3
brave,1
--,12
underbaking,1
brownies,11
one,31
secrets,1
fudgy,1
neatest,1
cuts,1
lift,5
brownie,6
airtight,11
also,13
weeks,2
sided,4
warmed,14
count,7
turnout,1
Burger,2
Buns,1
USING,3
GRILL,2
coals,6
glow,1
bright,4
ash,1
over,9
rare,7
see,8
step,2
degree,10
throughout,9
PAN,2
above,1
SAUTE,1
GRIDDLE,1
PREFERABLY,1
CAST,1
IRON,1
1/4-to-1,1
1/2-inch-thick,3
York,4
filets,2
135,4
140,2
medium-well,2
Photographs,1
loin,17
Soft,1
rolls,78
Provolone,1
Sauteed,2
Mushrooms,1
Caramelized,1
Peppers,1
shiitake,1
Cubano,3
makes,7
easier,2
110,4
sticky,3
solid,1
area,2
towel,59
fruity,1
grapes,6
pitcher,9
mild,3
portobello,4
reducing,5
best,7
quality,13
butt,7
BBQ,18
Jalapenos,2
constant,1
filled,5
half-way,1
briquettes,1
Close,6
may,18
refill,1
strands,1
fingers,18
Pumpkin,1
Vanilla,3
Bean,4
Creme,2
Anglaise,2
scant,1
half-and-half,34
pod,1
custard,11
submerge,8
larger,7
ounce,15
semi-sweet,1
Thai,5
cascabel,2
Deglaze,22
jand,1
alapeno,1
triple,3
sec,2
Boil,13
+,3
AP,1
Flour,4
processed,3
coloring,5
superfine,1
addition,16
Cabernet,1
butterfiled,1
1/4-pound,3
Cabernet-Shallot,2
Reduction,2
blot,4
Starting,5
facing,6
string,7
places,1
outside,13
cooks,38
table,30
Blackberries,1
Pomegranate,1
prime,4
rib,11
Thirty,1
slits,4
slit,5
burners,4
jus,5
Brussels,20
sprouts,31
Seeds,1
zests,3
Vanilla-Pecan,1
hazelnut,2
panko,29
Mold,2
meatloaf,15
bricks,5
skin-side,6
Coat,31
Main,2
413,1
28,13
6.5,1
97,2
501,1
young,2
kale,10
colored,6
Raise,9
evaporated,16
178,1
336,1
ruby,3
port,5
cabernet,2
5-quart,1
bouquet,9
garni,8
bits,56
thicken,28
soon,4
bones,24
Degrease,1
short-rib,1
ragu,2
Percorino,1
blackened,6
briefly,3
tomatillo,4
queso,10
fresco,7
21-24,2
tail-on,2
base,9
Soy-Sauce,1
marinates,1
oils,3
mound,9
New-Style,1
Scampi,1
Trim,11
marked,3
Slide,5
purple,2
poppy,2
Heaping,1
Black,14
slaw,17
fennel,23
Tent,7
6-inch,7
salsa,19
80/20,4
choice,9
Mini,1
Mayonnaise,1
Dark,4
Beer,2
Mop,2
brisket,14
Prepare,17
smoker,7
according,18
manufacturer,2
directions,22
smoke,8
extremely,1
mop,2
absorbed,19
One,12
10-pound,2
untrimmed,1
Texas,4
Toast,10
Liberally,3
take,12
Get,5
225,3
handfuls,27
wood,3
maintained,1
banking,1
scattering,1
Maintain,1
fat-side,1
help,19
drying,3
Also,4
165,16
170,5
trick,1
big,9
getting,1
especially,2
beginners,1
Figure,1
200,10
185,1
disposable,4
points,4
Honey-Rum,1
Pinto,1
Beans,2
Burnt,1
Ends,1
look,6
runs,1
Smear,2
Jack,8
package,75
active,1
Coarse,39
Queso,1
Poblano,3
rubbed,2
number,3
meats,7
holds,2
returned,1
Parsley-Mint,2
Water,4
Mesa,1
jarred,4
variety,3
apple-cider,1
diagonal,7
Barbecued,2
Coleslaw,1
slow,19
burning,4
220,1
Maple-Horseradish,1
mussels,15
debearded,3
mussel,1
pita,18
breads,9
Jam,2
Herbed,2
Yogurt,3
openface,1
pitas,7
tangerine,5
tangerine-orange,1
tangerines,1
brought,1
citrus,1
hard-cooked,1
dissolves,5
pickling,2
meets,1
resistance,1
lemongrass,3
curry,9
nam,1
pla,1
shimmering,4
opened,2
individual,8
discarding,4
17-pound,1
Turkey,1
sage-infused,1
herb,11
steep,3
silicone,3
sand,1
finger,2
Firmly,1
275,4
baked,7
preferred,5
able,3
batch,5
comfortably,1
Mount,1
brand,15
strongly,1
brewed,1
Cajeta,1
Chihuahua,1
Hatch,1
relish,14
Shape,6
hands,24
patties,55
cider,10
sourdough,1
Neat,1
Joes,1
breaking,14
sloppy,6
joe,2
liquids,19
release,12
corner,18
prevents,4
vacuum,4
creates,4
explosions,4
cornstarch,19
Malibu,2
toast,37
spears,20
asparagus,46
chiffonade,3
stack,16
cigar,2
Israeli,5
couscous,29
276,1
11.5,1
37,1
141,1
squash,38
kalamata,3
Lemon-Balsamic,1
crouton,2
instant,7
Medaglia,1
D,1
'Oro,1
wax,1
loose,7
putting,3
shiny,1
insides,3
eaten,3
leftovers,2
clover,2
Meyer,2
lemon-honey,2
four,5
6-ounce,21
going,2
right,8
560,1
47,1
151,2
1,175,1
Pita,2
patty,10
kofte,2
raita,3
rye,9
oiled,6
turnips,3
leek,3
4-quart,4
leeks,8
shortening,12
Gather,3
tuck,1
damage,1
Rice,6
ricer,1
skins,12
breadcrumbs,13
9-by-5-inch,1
270,1
g,7
Sat,1
4.2,1
Mono,1
6.3,1
Poly,1
3.1,1
104,1
mg,2
451,2
Carbohydrate,4
lentils,18
frisee,1
greens,31
Beets,1
peach,3
peaches,16
pit,4
Peanut-Red,1
Diana,1
Barrios,1
masa,3
guacamole,3
Peanut-Cilantro,1
tacos,2
peanut-red,1
mash,14
crumb,26
point,14
ahead,18
yolk,12
almond,18
incorporate,11
Chill,11
spoons,4
Save,3
storage,8
picnic,2
10-ounce,18
jar,15
sun-dried,27
angel,6
hair,6
fragrant,20
moisten,12
Mound,4
fusilli,4
salami,9
Blend,8
bite,70
13-ounce,1
preserves,6
old-fashioned,3
border,5
Bar,2
232,1
112,1
artichoke,27
hearts,23
Marsala,16
Warm,11
2-quart,7
artichokes,11
total,28
marinara,32
1/4-ounce,6
puff,10
Decrease,4
evaporates,3
undercooked,4
hang,1
rim,3
atop,16
seal,27
overhanging,1
decorative,8
escape,2
grease,29
summer,1
Provence,12
penne,18
Since,1
coated,16
Sea,8
rigatoni,6
re-sealable,3
Shake,5
air,8
possible,11
foil-lined,6
spots,1
order,8
kill,1
bacteria,1
note,4
background,1
Brushing,1
drumettes,1
helps,3
re-moistening,1
adhere,7
bananas,9
mascarpone,40
banana,1
muffins,12
frosted,1
stew,12
butternut,8
Crusty,14
med-high,1
alongside,21
manicotti,7
whole-milk,2
browns,18
cheese-meat,1
stuffed,14
Dot,5
bubbles,25
cranberries,23
cherries,13
Italian-style,9
1/2-pound,4
Simple,5
store-bought,12
32-ounce,9
tastes,2
acidic,3
Process,4
Freeze,2
Prep,3
Time,3
end,23
enclose,1
butcher,9
braciole,5
ovenproof,6
uncover,1
diagonally,5
Nonstick,6
mini,13
Broil,4
broiling,2
294,1
463,1
Gorgonzola,7
toasts,8
paper-thin,2
low-salt,8
Partially,4
189,1
580,1
lower,16
1/2-inch-diameter,3
hole,9
meatball,6
Reform,1
no-boil,1
amaretti,2
medium-size,3
often,34
Lightly,39
layering,5
Tightly,2
8-quart,2
aromatic,4
crostini,4
cooling,17
ladling,1
wonton,17
wrappers,14
tortellini,18
keeping,3
dampened,1
wrapper,18
triangle,2
making,25
securely,2
pockets,2
Dampen,3
corners,5
longest,2
laying,1
sticking,11
transferred,1
six,1
simply,2
ravioli,45
starts,7
begin,27
float,8
reduced-sodium,6
Arborio,4
medium-grain,3
Champagne,3
Blanch,2
toasting,1
more,43
risotto,10
smaller,8
9-ounce,2
crisps,1
Serving,19
235,1
Carbohydrates,4
33,2
purchased,6
cannellini,12
Discard,12
spezzatino,2
backbone,5
dredging,9
flame,11
Next,10
coats,7
might,1
scrambling,1
likely,1
All-purpose,4
cut-leaf,2
bulbs,4
mallet,4
breaded,3
leg-and-thigh,1
Club,1
3-ounces,1
cutlets,29
oven-proof,1
cutlet,3
each,9
brined,3
sizzle,7
vigorously,4
3-ounce,3
box,37
14-ounce,27
Beginning,3
tapered,1
jellyroll,1
Secure,6
227,1
11g,1
2g,1
27g,1
4g,2
1g,1
0g,2
63mg,1
700mg,1
1/2-ounce,13
San,9
Marzano,9
Equipment,3
you,3
marry,2
SERVINGS,3
470,1
1,333,1
organic,6
kidney,9
suggestion,3
1/2-quart,4
Shred,8
bite-,1
linguine,8
Coarsely,4
1-2,1
red-skinned,1
lima,1
fettuccine,10
cools,4
evaporate,10
1/3-inch-thick,2
Swirl,1
morsels,5
12-count,1
Cupcakes,1
appear,6
dipped,2
puffier,1
chocolate-hazelnut,6
Nutella,3
pouring,3
maker,1
follow,1
instructions,2
gelato,1
Granulated,1
Powdered,2
dusting,7
reach,6
depth,3
rewarm,1
Dust,12
powdered,24
sugared,1
defrosted,17
Zabaglione,2
extend,2
tiramisu,6
compact,1
shavings,4
7.4-ounce,1
chestnuts,4
broken,7
stuffing,28
Uncover,9
greasing,10
14-inches,1
7-inches,1
stainless,1
steel,2
condensed,16
barely,2
loosen,9
fudge,11
Store,7
bulb,2
manila,1
clams,18
uncooked,8
assorted,4
firm-fleshed,1
halibut,10
prevent,12
lumps,5
forming,9
pink,21
sized,5
covering,8
Evenly,4
cannelloni,4
lump,5
crabmeat,11
crab,14
handheld,11
Dollop,2
soups,1
spoonful,10
farfalle,5
crisp-tender,6
rice-shaped,1
14.5-ounce,11
preserved,1
Alternately,2
working,14
regular,5
taking,3
care,2
tenders,32
spacing,6
link,1
casing,5
button,2
escarole,3
19.8-ounce,1
Duncan,2
Hines,2
broccoli,28
anchovy,3
anchovies,19
Grana,2
Padano,2
hesitate,1
Food,2
Network,2
Kitchens,2
grainy,1
cow,1
similar,2
directly,7
Oil,11
Dried,1
mignon,1
tri-tip,2
solids,5
much,9
palm,34
frittata,4
runny,3
slide,7
197,1
214,1
351,1
passing,9
wilts,4
6-pound,2
giblets,4
Kitchen,3
Stuff,8
Tie,3
innermost,1
2-cup,2
coating,10
flattened,3
gnudi,4
tapping,2
overcrowd,2
heavy-duty,8
Massage,1
future,2
thirds,3
Saffron,1
threads,3
marinating,1
unused,4
vine,9
ripened,1
gill,2
oiling,2
skinned,19
3-inches,3
agave,17
nectar,5
paring,4
membrane,3
segment,2
Free,1
segments,5
easily,6
verde,2
accompaniment,8
497,1
78,2
457,1
thickness,13
English,9
Heath,2
Skor,2
rounded,19
tablespoonful,3
inch,27
apart,16
bar,1
Bridgeford,1
nut,3
jelly-roll,2
style,10
log,11
seam,9
draft-free,1
quinoa,6
Quinoa,1
pistachios,5
serrated,4
biscotti,8
crystals,1
resealable,24
Maille,1
overlap,3
thickest,7
blossom,1
3/4-inch-high,2
moistened,2
moves,2
barley,1
slivered,9
to12,1
pastina,3
buttering,2
432,1
44,3
49,1
674,1
curly,7
would,4
substitution,1
1-inch-diameter,1
circular,2
motion,2
stands,1
Finish,6
parmesan,1
salting,1
13-by-9-by-2-inch,1
worth,1
noodle,5
touching,5
rind,7
pantry,1
substitute,13
Cookies,1
1/2-teaspoon,1
harden,1
Pack,1
Cookie,1
113,1
76,2
Marinara,8
sieve,5
ditalini,3
thimble-shaped,1
tube-shaped,2
pastas,1
pennette,1
Rewarm,4
diameter,4
puffs,2
frittatas,2
22,6
68,1
1/4-inch-diameter,1
appetizer,1
180,2
blocks,1
pasteurized,2
patting,4
porcini,13
short-grain,3
cupfuls,2
parboiled,1
Uncle,1
Ben,1
fluff,6
baller,2
damp,9
14-inch,2
cling,5
orecchiette,1
orechiette,1
bite-sized,2
scrapping,1
garbanzo,2
teardrop,1
grape,3
Wine,5
Cheesecloth,1
tying,1
shank,3
Veal,1
better,2
shaking,4
tied,4
draw,1
level,8
always,4
overwork,3
overlapping,6
shaping,1
parchment-covered,1
solidify,1
loins,2
meet,3
145,4
rises,2
amaretto,4
panettone,1
crusts,4
center-cut,3
sachet,2
decrease,2
ziti,3
Thin,2
mixtures,3
create,11
small-shaped,1
farfallini,1
petite,3
pea,2
day-old,1
Hershey,2
cup-size,1
crackled,2
pack,3
falls,1
forks,11
upper,1
clam,13
wheat,1
multi,1
Mince,2
326,1
61,1
367,2
8.5-ounce,1
golf-size,1
overhandle,1
since,2
fragile,1
retain,3
natural,2
starches,1
sauced,1
vodka,10
oven-safe,3
reads,5
130,2
leftover,7
bunches,4
Pastry,1
Dough,2
17-inch,1
dough-lined,1
doughs,1
crimp,3
decoratively,1
shelf,1
Release,1
herbes,4
reduced-fat,1
pocket,3
simmers,6
2-inch-thick,1
fronds,1
nestling,1
mostly,2
submerged,4
17.5,2
65,1
1050,1
R>2,1
read,1
ensure,2
browning,14
fig,3
inch-thick,1
crush,3
marmellata,2
jam-like,1
mahogany,1
26-ounce,1
430,1
59,1
1,976,1
18.25-ounce,4
Moist,1
Deluxe,1
papers,3
raspberry,2
berries,5
seedless,11
Grand,4
Marnier,4
ladyfingers,8
baskets,1
Confectioners,2
a13,1
Recover,1
dust,14
pin,2
19-inch,1
fingertips,4
tray,19
subsides,2
arborio,1
proceed,2
Amaretto,2
hulled,1
supremes,2
pooled,1
garlic-flavored,1
sirloin,16
Roma,16
redistribute,6
steady,5
stream,15
quickly,15
Keeping,2
reheat,6
266,1
1,307,1
spiral,1
packets,6
packet,4
individually,2
29,2
213,2
Brodetto,2
Pea,3
Salmon,1
377,2
34,3
94,1
Hollow,2
puncture,1
Crisps,1
thick-cut,7
asiago,7
tagliatelle,1
spider,3
based,3
475,2
51,1
1,083,1
Pinot,1
Grigio,1
seafood,8
looks,1
dot,3
6-quart,3
Braise,3
boat,1
5-pound,4
heart-shaped,3
scones,3
silpat,1
index,1
indentation,2
heaped,1
cavities,1
APPETIZER-,1
PER,2
MUSHROOM,1
131,1
quite,2
spreading,8
inner,1
1/8-inch-thick,2
pierce,5
dividing,1
equally,6
mounding,1
fries,9
Gnocchi,1
Pierce,4
Mash,6
rope,2
gnocchi,20
tines,3
swirling,1
Careful,1
bubble,46
subside,2
thimble,1
bagna,1
cauda,1
opaque,4
packaged,6
ladyfinger,2
Letting,1
cause,2
spun,1
baquettes,1
somewhat,1
bruschetta,1
124,1
194,1
yam,2
bottomed,4
Barilla,4
Arrabbiata,3
stuff,6
freezing,1
month,2
unfrozen,1
cranberry,4
Push,4
avoid,3
parley,1
drizzled,4
herb-marinated,1
5-inch,2
329,1
17g,1
6.5g,1
29g,1
14g,1
213mg,1
1,257mg,1
15-pound,1
approximate,1
main,1
175,1
run,14
clear,10
pierced,1
preparing,4
4-cup,1
expand,2
marks,8
Checca,1
Lentil,1
Loaf,2
lentil,2
checca,2
row,1
11/2,4
chard,16
55-60,1
radicchio,6
whitefish,1
whole-wheat,4
462,1
46,3
66,1
573,1
10.5,2
474,1
Recommended,1
2001,1
Clerico,1
Trevigne,1
Origin,1
Alba,1
Piedmont,2
Grape,1
Barbera,2
Notes,3
north,1
region,1
Italy,1
chose,1
bitterness,1
swiss,1
pecorino,1
scorched,1
earth,1
blackberries,1
kiss,2
oak,1
fight,1
explosion,1
sip,1
fallen,3
43,2
1,391,1
collect,1
continuously,1
incorporating,2
ice-cream,1
scooper,1
zeppole,1
cinnamon-sugar,2
Unsweetened,1
triangles,4
creating,6
assembling,1
beaters,2
trimming,2
cracked,105
chick,3
pinto,5
service,4
savory,5
equator,2
spot,2
caramelize,20
collapse,1
fond,2
crack,5
nice,6
Loosely,1
Oven,2
method,3
Hold,2
marinated,8
deglaze,18
over-pound,1
difficult,1
Gentle,1
folding,3
coming,5
secured,1
insure,1
stay,3
creamed,9
350degrees,3
9-,1
ideal,1
stir-fry,16
shiitakes,1
wontons,3
Andrew,4
Mccaul,4
bok,6
choy,6
snap,2
Peanuts,1
sub,7
Sriracha,9
oyster,10
gallon,8
bamboo,10
unraveling,2
Separate,6
bacon-wrapped,1
medium-large,1
James,4
Baigrie,4
Tablespoons,1
Reheat,3
Pork,3
caramelizes,2
standing,2
wok,5
rapidly,2
parsnips,4
pearl,1
nonmetallic,2
render,6
roux,18
sweeter,1
sweets,1
body,2
exterior,1
Drop,11
crowd,5
by18,1
pouch,6
julienne,3
dress,2
grapeseed,5
can,4
insert,1
drape,1
pulsing,2
yield,5
1/,1
couple,48
separating,4
eye,1
butterflying,1
v-rack,1
carry,1
Juice,4
gallon-sized,2
Brine,3
mealy,1
blanch,3
blacken,1
pepperoni,15
Two,2
375degrees,1
shock,2
10-,1
14-,1
one-quarter,1
Mist,1
8-inch-square,1
V-8,1
Thoroughly,3
1-gallon,3
zip,1
lock,1
Marinate,3
wipe,4
flanks,1
4-serving,1
9.5,2
230,1
good-quality,3
either,4
clumps,1
Vegetables,4
Mashed,2
exposed,2
juniper,2
Cranberry,3
spareribs,2
denuded,1
radiatore,1
paper-towel,2
Verde,2
Split,6
joints,2
brussels,4
picked,5
Shave,1
8-,1
packing,2
in,7
pints,1
currants,4
raisins,21
Dress,3
salty,2
tossing,4
crumbles,13
present,2
kneading,2
letter,1
mat,2
Four,1
Blackening,4
Blacken,1
tender-crisp,1
Crack,1
fifth,1
fortify,1
increments,1
combining,7
reached,2
Madeira,2
small-diced,2
pepitas,5
enameled,3
adjusting,1
Taste,10
adjustments,1
Pepitas,1
hocks,3
Seafood,1
paella,1
grains,3
Bury,1
items,1
shoots,2
bran,2
needs,2
layout,1
1/12th,2
5-inches,2
wash,17
Saltine,3
Drunken,2
Gravy,5
textured,1
station,2
mung,1
Apricot,1
Sesame,1
Sambal,1
Szechwan,1
sambal,2
veg,1
free,6
range,2
Chardonnay,3
roaster,4
pushing,1
marsala,2
concentrated,1
Shut,1
give,8
rich,2
Hungarian,3
veggies,45
garam,2
masala,2
fire-roasted,3
Muir,8
Glen,5
oil-blotted,1
well-marked,1
pressure,2
cooker,10
Simply,2
Riesling,3
sparkling,1
ear,2
detaching,1
silk,1
weigh,1
change,1
ten,1
front,1
insuring,1
andall,1
chipotle-mango,3
massage,3
simmered,1
quick-cooking,4
polenta,5
8-by-8-by-2-inch,1
gratin,4
oval,7
21-25,1
stoneware,2
rectangular,5
slurry,1
crumbly,4
remainder,3
cashews,4
wafers,8
coffee-flavored,4
Kahlua,1
Whip,8
Refreeze,1
shucked,3
cob,11
temp,1
released,1
twists,2
smash,6
three,1
works,3
star,1
tight,8
raviolis,3
Ranch,4
ranch,5
try,4
kaiser,4
heirloom,2
Rajun,3
Cajun,3
Rings,3
grater,4
root,15
Work,5
doesn,3
Celery,2
Root,2
quick,8
sift,3
transferring,3
nuggets,4
Tater,1
Tots,1
Defrost,5
hoisin,6
amounts,6
Apply,2
potato-side-down,1
woody,1
spear,2
soba,1
napa,1
Seal,6
1/3-inch,3
starch,1
oxidizing,1
Par,1
par,2
stone-ground,2
vermouth,4
Anaheim,4
lager,2
15.5-ounce,2
trying,3
Double-Fried,1
Fries,1
yard,1
Space,1
tri-color,1
packaging,2
unwrap,2
undisturbed,2
discolored,2
Pitas,1
Dipping,3
sweat,7
pulling,2
oblong,4
quenelle,2
football,1
thick-bottomed,1
falafels,1
Croutons,2
coins,1
're,3
uniform,2
braises,1
foams,1
trussed,1
high-heat,1
alcohol,7
fitting,6
replace,2
bundle,3
trussing,1
chili-garlic,3
contamination,1
glossy,2
16-pound,1
placeed,1
deepest,1
passed,1
Carve,1
Chives,1
Lawry,2
applewood,6
go,7
squishes,1
overly,1
regularly,1
prefer,4
porcelain,2
Da,1
medium-,2
eliminate,1
rotate,1
inserting,1
Tzatziki,2
Flatbread,1
randomly,1
Poke,2
push,5
expose,2
Schawarma,1
sandwiched,1
flatbread,1
Zatarain,1
3/8-inch,1
excessively,1
plunge,1
achieve,4
blanched,2
catch,7
spill-over,1
iced,1
silver,2
tequila,18
Essentials,1
mince,1
tall,1
visible,1
outdoors,1
indoor,9
iceberg,2
saucepot,2
cross,2
sushi-grade,1
Mayo,3
Dry,1
bind,1
even-size,1
slathered,1
paired,1
safe,9
something,2
marjoram,2
collected,1
Polenta,1
blood,6
popped,1
membranes,1
sometimes,1
called,1
chayote,2
Char,4
dinner,28
Enchilada,1
California,1
pods,1
fire,15
enchilada,3
Excerpted,1
Guy,2
Fieri,1
book,1
Diners,1
Drive-Ins,1
Dives,1
William,1
Morrow,1
Cookbooks,1
dogs,9
Yellow,1
till,1
soggy,1
heroes,2
hoagies,1
turns,71
assure,3
personal,1
1/2-inches,1
towards,1
closest,4
Tuck,2
Wrappers,1
wraps,4
explode,1
Pound,2
sauteing,4
again,11
pina,1
colada,1
/,1
stout,2
2pans,1
rested,1
253,1
614,1
unglazed,1
Whole,2
cognac,1
V-rack,2
centered,1
cedar,1
plank,1
masher,4
tenderize,1
mark,2
achieved,3
created,2
applewood-smoked,1
medium-crisp,1
however,1
pop,4
Unsalted,1
aioli,2
sliders,2
twelve,1
fryer,3
Mint,4
puttanesca,1
15-inch,3
foiled,1
Bend,1
layered,5
folds,1
folded,2
leaking,1
snag,1
peppadew,3
9X13,1
Mac,1
n,1
Panko,1
Base,1
ligament,1
dumplins,2
Dumplins,1
golf,1
ball-size,1
shaped,4
Distribute,1
sundried,1
bed,6
ladleful,2
viewer,1
professional,2
provided,3
chefs,3
tested,3
therefore,2
cannot,3
representation,2
results,2
Marinade,1
Mojito,2
poultry,34
shears,1
extra-,2
virgin,4
Bibb,1
Guacamole,2
Tomatillo,2
pliable,3
catfish,2
wheel,1
length,2
spaetzle,3
floats,1
flowerets,2
paccheri,1
2.5-inches,1
garlic-red,1
Cuban,1
lastly,1
alternate,1
Briefly,1
truffle,5
prepping,1
arrest,1
pear,2
fans,1
Serrano,1
coverage,1
pepita,1
Scrub,1
dirt,2
workable,1
capacity,1
toppings,3
Sweat,2
sealing,3
over-crowding,1
scalded,2
1/6,1
cipollini,1
Cooking,4
bloom,1
hook,2
setting,6
elastic,1
Punch,1
Knead,4
springs,1
poked,2
5-by-3-inch,1
slashes,1
poach,4
Victor,1
Schrager,1
pre-shredded,2
coleslaw,2
pulled,1
angle,20
Tortilla,1
whist,1
Crab,1
Remoulade,1
tamale,2
tamales,3
Steam,2
thanks,1
Tip,2
purchase,3
Segment,1
pith,2
Cabo,1
Wabo,1
Reposado,1
Kaiser,2
vermicelli,1
basmati,2
both,1
Flatten,2
flattening,1
heel,1
ensuring,1
worked,1
plating,1
quesadillas,1
papery,1
space,2
Crostini,1
-,15
8-serving,1
143,1
spiced,1
match,1
flames,1
later,4
unmolding,1
unmold,1
releases,1
less,3
Rehydrate,1
pasillas,1
saltines,4
Hallie,1
Burton,1
party,2
hero,1
Sprigs,1
prawns,3
lemon/lime,1
Ideally,1
wait,1
drink,3
Achiote,2
achiote,1
stain,1
well-oiled,1
sauvignon,1
standby,1
biscuit,25
easy,12
15-inches,1
sauteed,7
sprinkled,3
restaurant,1
FN,2
proportions,1
indicated,1
content,1
Bacardi,1
grenadine,1
maraschino,3
rocks,1
slider,1
Hawaiian,1
Maui,2
joes,2
Depending,1
residual,1
gets,2
straws,2
straw-like,1
repeating,1
Dice,5
sofrito,1
Crystal,1
ribbons,3
collard,2
piecrust,4
pecan,4
Unroll,2
Roughly,1
pattern,2
Kana,1
Okada,1
7.5,1
785,1
2-gallon,1
case,2
leaks,1
packs,1
outdoor,10
tapenade,2
Cherry,2
4-rib,1
slather,3
extra-sharp,1
linguini,7
corned,2
half-,1
and-half,1
tightened,1
dry-active,1
deli,14
activate,1
mass,2
lightly-floured,1
consistent,1
doubles,1
stretch,1
10-by-13-inch,1
13-inch-long,1
remembering,1
ingredient,3
quantities,1
stromboli,2
far,1
borders,1
bresaola,1
Shingle,1
seam-side,2
puffy,1
home,2
event,1
Asian,2
gallon-size,1
tailgaiting,1
Garam,3
Masala,3
turmeric,3
Agave,1
9-by-13,1
fridge,1
cod,2
tempura,4
premium,1
dunk,1
1/8th,1
Pico,1
Gallo,1
Tequila,1
Aioli,1
shittake,1
timer,1
rump,1
deep-sided,1
chimichangas,3
liquidy,1
Lift,1
opposite,4
weaved,1
burrito,1
burritos,1
wrapping,4
rigate,11
charring,1
outer,3
9-by-13-inch,2
spill,5
Vidallia,1
rough,2
lying,1
presentation,2
shut,1
required,1
panko-Parmesan,1
20-30,2
Tablespoon,4
6-8,2
gruyere,2
pile,13
drips,1
roma,1
only,1
Drink,1
bucatini,2
whiskey-pecan,1
yucca,6
tubes,1
bark,1
stewed,8
crescent,1
unbaked,6
half-moon,1
pies,5
Praline,2
Topping,2
Raspberry,2
rows,1
rotary,1
beater,1
milk-egg,1
grits,3
House,46
Seasoning,69
ending,8
formulated,1
wedding,1
normal,2
everyone,1
tiered,1
20-ounce,3
poaching,3
Try,2
Bbq,1
Cole,1
shreds,1
cole,1
3/4-ounce,17
dozen,1
Krispy,1
Kreme,1
donuts,4
Rum,2
Cube,2
jelled,1
fireplace,1
wafer,4
tarts,2
blueberry,1
alternately,5
Level,2
holding,3
dropping,3
invert,6
shifting,2
air-tight,1
Break,9
478,2
57,3
3758,2
29-ounce,1
pimentos,12
Cracked,1
crudite,1
pre-packaged,1
Crackers,2
unfold,1
walnut,3
Brie,3
brie,7
gather,1
special,3
flower,1
sifting,1
Colored,1
sprinkles,3
icing,2
donut,1
decorate,2
Streusel,2
21-ounce,1
spreadable,1
apple-caramel,1
Decorate,3
Ritz,4
absorbs,2
briskly,1
enrich,1
1at,1
Ice,1
bouillon,11
dumplings,14
relax,1
Pull,3
doughy,1
wild,2
3-quart,2
pimento,2
boxes,12
Microwave,3
7-inch,3
sprayed,4
Re-roll,1
procedure,1
piecrusts,1
empanadas,1
thaw,1
extracts,1
dessert,2
Zucchini,1
loaves,3
continuing,4
Stirring,1
well-greased,1
usually,2
role,1
house,4
stripping,1
collards,1
stripped,11
1-ince,1
iceburg,1
listed,2
lukewarm,1
Ac,1
'cent,1
Biscuits,1
Favorite,1
Cayenne,1
claw,1
chills,1
limp,1
oil-butter,1
dusted,1
Suggested,2
isn,1
stuck,2
plenty,3
cheese/butter,1
steamed,2
Creole,2
lobster,3
applesauce,1
lattice,3
design,3
Bisquick,3
Ground,6
undrained,1
10-15,1
personally,1
naturally,1
Generously,3
brittle,3
310,1
test,2
dropped,1
Pete,1
unpeeled,1
butterscotch,2
Five,3
cellophane,1
fatty,3
Important,1
re-open,2
limeade,2
indentations,1
kiwi,2
spaces,1
Cluster,1
pineapples,1
wheels,1
cantaloupe,1
balled,1
Soften,2
tablespoonfuls,2
servers,3
fajitas,1
sizzling,2
accompaniments,1
oven-dried,3
Pepperidge,2
Farm,2
sleeve,2
breakfast,4
transparent,2
Mushroom,2
Giblet,1
by-2-inch,1
Still,1
Dump,1
afraid,1
judgment,1
call,2
temperatures,1
vary,1
past,1
remember,1
wonderful,2
bundt,3
Shortly,2
Crisco,1
Remember,2
requires,1
compared,1
marshmallows,4
2.8-ounce,1
French-fried,2
slivers,2
Snap,2
periodically,1
checking,1
tilt,1
okra,3
89,1
1,486,1
hash,13
quiche,1
Test,2
rests,1
Slightly,1
chafing,1
bagel,1
hard-boiled,1
directed,1
7-minute,1
Flaked,1
Follow,1
Basic,1
1-2-3-4,1
Cake,2
substituting,1
wrong,1
poke,1
7-Minute,1
3-layer,1
Preparation,1
Ease,1
preparation,2
Easy,1
fat-free,2
Splenda,3
jiggly,1
overbake,3
frothy,1
herb-flavored,1
Seasoned,1
weave,1
turned,1
rubbing,2
accordingly,1
prebaked,1
from,1
meringue,5
lemonade,1
cottage,4
Parmigianno-Reggiano,1
oven-ready,1
Beaters,1
snap-on,2
replacement,4
crisscross,1
7.6-ounce,1
by-9-inch,1
kinds,1
j,1
chocolates,1
multi-colored,2
candies,4
oatmeal,6
mats,2
12-ounc,1
curved-side,1
hollows,1
12-cup,3
gaps,1
touches,1
delicately,1
349,2
96,1
574,1
Pare,1
168,1
sopressata,4
Calabrese,1
Arthur,2
Ave,2
Deli,2
Di,1
Parma,1
Panini,1
panini,2
tail,1
club,1
zip-top,1
gel,1
pedestal,2
Icing,1
standard,2
easy-melt,1
Velveeta,1
Candy,1
Crushed,1
canes,2
Peppermint,1
flavorings,1
hammer,1
peppermint,1
flavoring,1
Reserving,1
twist,4
mold,1
phyllo,8
saltine,3
non-stick,1
save,6
hits,1
pick,5
chowder,2
searing,1
Finally,2
Leftover,1
wonderfully,1
Crumbled,1
begun,1
mush,1
Watch,2
closely,2
access,1
5.1-ounce,1
cook-and-serve,1
30-ounce,1
cardamom,2
gingersnaps,2
pretty,5
Trifle,1
pre-made,2
generous,13
distilled,1
cone,1
within,2
slip,1
produce,10
lot,3
ungreased,1
Miki,1
Duisterhof,1
niblet,2
Beef,2
moderately,1
Biscuit,1
thinner,2
Leftovers,1
Sunday,1
mid-,1
11-inch,1
Broth,1
White,1
minus,1
Paprika,3
washing,1
pricking,1
Pile,16
gelatin,2
strawberry,2
smoothies,1
delicious,2
treat,1
un-greased,1
Cornbread,1
self-rising,2
cornbread,4
giblet,1
takes,2
18-ounce,1
tea,1
pretzels,2
granules,3
Start,3
intact,3
halving,1
marshmallow,2
expanding,1
burst,1
serving-size,1
tomato-can,1
Hint,1
slow-cooker,1
manufacturers,1
fabulous,1
Low,1
tenderness,1
cuber,1
kernel,1
Mexican-style,1
4.6-ounce,1
taco,6
Corn,1
Lady,1
Long,1
un-drained,1
lumping,1
containing,1
important,1
producing,1
barbeque,1
lemon-pepper,1
leafy,2
cartilage,1
Enjoy,1
colby,1
Gouda,3
held,1
brickle,2
Symphony,1
sink,2
gherkin,1
Pimentos,1
Halve,5
night,2
Bundt,2
all,1
rising,1
enjoy,3
holiday,1
CUP,1
SERVING,1
133,1
milligram,1
Batter,2
eyeball,44
Thicken,4
moderate,18
spoonfuls,12
tact,2
ask,7
Montreal,27
McCormick,22
splash,10
blanc,1
Rachael,2
Ray,2
already,6
chopping,2
fast,4
Moisten,1
upon,2
stuffin,1
361,1
309,1
screaming,5
tamari,4
syrupy,1
TIDBITS,1
Whenever,1
tending,1
business,1
Otherwise,1
sweet-hot,1
matchsticks,4
spouts,5
Tamari,5
boils,12
so,7
chopsticks,1
Bliss,1
Peruvian,1
Purples,1
Fingerlings,1
difference,1
snipped,7
scampi,1
palmfuls,2
grinds,7
bundles,5
Butterfly,1
show,1
entertaining,1
bundling,1
2-pronged,1
twisting,2
curl,1
Shimmy,1
twisted,1
nests,1
simple,3
adds,1
connective,1
tissue,1
disperse,1
Chinese,2
foods,4
aisle,22
market,13
Wedges,1
navel,1
Grate,3
barbecued,1
wedged,1
fillings,2
sweeten,1
Nest,1
toppers,4
Eat,1
grabbing,1
consomme,4
cornichons,2
1/2-thick,1
nch,1
Stroganoff,1
pumpernickel,2
Tabasco,5
defrost,4
quick-chill,1
side-salad,1
defrosts,1
palmful,5
stoup,18
Monte,4
Cristos,4
Build,3
munching,2
fulls,2
Buffalo,4
Marie,1
ladles,9
emersion,1
dash,2
cheesy,3
cobs,2
smokes,1
ripples,3
beds,1
Yum-o,2
substituted,5
stirred,1
strengthen,1
to14,1
goulash,2
pillows,1
suggestions,2
Canadian,5
Score,3
Slather,2
Cordon,2
Bleu,2
pinches,7
Poach,2
switch,1
DoubleClick,2
Spotlight,2
Tag,2
Please,2
Activity,1
Name,1
tag,2
Enchiladas,1
Web,1
site,1
URL,1
http,3
//www.foodnetwork.com/food/recipes/recipe/0,,FOOD_9936_21595,00.html,1
Creation,1
Date,1
06/12/03,1
</p>,5
<p>var,2
axel,2
=,2
Math.random,1
10000000000000,1
<p>document.write,1
'<IMG,1
SRC=,2
//ad.doubleclick.net/activity,2
src=832760,2
type=foodn148,2
cat=fnlan152,2
ord=1,2
num=,1
'+,1
WIDTH=1,2
HEIGHT=1,2
BORDER=0>,1
<p>,2
<p><IMG,1
num=1,1
BORDER=0></p>,1
End,1
toaster,5
thread,1
bake-off,2
dairy,5
Grands,2
Pillsbury,2
healthy,6
grating,5
morning,1
raising,1
mugs,2
mug,3
Wring,3
buy,2
liberal,1
serious,1
Squish,1
meatloaves,4
wider,1
roll-aways,1
Switch,1
deeper,1
subs,2
shine,1
pass,16
mopping,9
jasmine,1
perfect,2
cubanelle,1
glugs,5
Prick,1
fake,1
Zest,1
Scarpariello,1
WOW,1
smoky,8
poaches,2
found,5
crumple,1
sun-,1
hearty,1
starter,1
spanakopita,1
hog,1
sack,5
Mates,1
TOUCHDOWN,1
Eggs,1
course,1
scrambled,1
international,1
drizzles,3
real,1
rapid,2
17-18,1
chest,1
cashew,2
cured,2
near,7
minimum,1
Reheated,1
improves,1
people,1
easy-peel,1
devein,1
act,1
providing,1
giving,4
then,1
squirt,2
deviled,1
Old,2
Bay,2
department,8
tubs,1
counters,1
boules,1
hollowed,1
Oyster,1
chunk,1
Roman,1
Goya,2
12-15,1
pulse-process,1
poured,1
Cheesy,1
Risi,1
e,1
Bisi,1
Gulden,1
GH,5
Grown-up,1
Helper,1
Crush,1
cereal,1
SECRET,1
tell,2
anybody,1
secret,2
ever,1
toes,5
EXCEPT,1
crushed-up,1
opening,1
probably,2
watch,1
really,5
loudly,1
520,1
18.5,1
202,1
1159,1
clean-up,1
cornflakes,1
edible,2
flowers,1
weight,7
anise,1
nest,2
soffrito,1
tropical,1
mojitos,1
Plastic,1
condiment,3
blades,6
trivet,4
completed,2
scissors,1
Drag,1
web,1
resemble,1
spiders,1
webs,1
cove,1
Wow,1
believe,1
appropriately,1
pilaf,2
medley,1
andouille,3
Several,4
jambalaya,2
bowlfuls,3
lengths,2
scramble,1
ripple,1
Stir-fry,1
recenter,1
drifts,1
wreath,2
holly,1
fabric,1
bow,2
goes,3
seems,1
spinach-white,1
Florentine,1
Mac-n-Cheese,1
torpedo,2
ramekins,2
Pop,1
keeps,1
wasabi,4
ya,1
indoor/outdoor,1
sealable,1
Smash,6
scallion-cilantro-lime,1
average,6
Glenn,3
Wilt,2
starchy,8
Idaho,1
Toppings,1
/4,1
handled,1
EVOO,5
skillets,1
portioned,1
Render,2
Sweeten,1
bites,4
golf-ball,1
bitter,3
underneath,1
Barbequed,1
Succotash,2
nutty-breading,2
teriyaki,3
upright,2
quarter,3
wish,1
Spears,1
stinging,1
lips,1
/3,1
Small,1
Pan,1
Affix,1
Sandwiches,3
sacks,1
veins,1
thinning,1
99,2
extra-spicy,1
Pretzel,1
Rods,1
Chips,1
Plain,1
Salsas,1
Diced,3
now,1
19.5,1
103,1
717,1
find,2
surprise,1
cavatappi,5
ribbed,1
hollow,2
corkscrews,1
chewy,5
corkscrew,1
lines,3
gemelli,1
short-cut,1
toasty,2
Franks,1
6minutes,1
jambasta,1
kim,1
chee,1
Korean,1
Sazon,2
2-ounce,1
processing,1
Latin,1
plantains,1
scooping,1
chunked,1
wok-shaped,1
Wok,1
infused,1
International,1
Foods,1
broths,1
product,1
jam/jelly,1
Pucker,1
super-tangy,1
'll,1
fancy,1
Lots,1
stronger,1
buttery,2
personality,1
London,1
A1,1
Lea,1
Perrin,1
brands,1
la,1
King,1
Cap,2
to15,2
entree,1
outs,1
all-,1
chance,1
swish,1
BLT,2
yet,1
over-mixed,1
Micro-way-cool,1
Bacon,2
Smashed,2
rip,1
throw,1
garbage,1
1/2-cup,1
Dressed,1
Tossed,1
Carrots,1
shot,2
smothering,1
douse,1
smothered,1
stone,1
areas,1
with,1
Jiffy,2
chillies,1
Mild,1
Choose,1
double-wrap,1
protect,1
cheeseburgers,4
Stream,2
fettuccini,1
semolina,1
specialty,1
straight,1
Genoa,2
Big,1
Dipper,1
Stretch,2
thicker,1
14-16,1
figs,5
plump,1
varieties,2
uses,1
Rosso,1
di,1
Montalcino,1
affordable,1
younger,1
version,1
Brunello,2
scoot,1
piled,2
campanelle,2
Heads,3
draining,2
Not-sagna,2
fashioned,1
great,1
nuke,1
Cakes,1
crocks,1
Float,1
crisped,2
Ready,1
Crisp,2
berry,1
rotisserie,1
vidalia,1
radishes,6
fingerlings,2
super-quick,1
2-foot,1
must,1
gloves,1
ease,1
deeply,1
complete,1
Rosemary,1
365,1
1,101,1
oil-cured,1
never,1
smelled,1
bins,1
rather,2
buying,1
unit,1
price,1
Pumpernickel,1
triple-washed,1
de-stemmed,1
links,1
blush,1
acidity,1
crusted,1
Beverage,1
cran-raspberry,1
Pilaf,1
curls,1
campagnelle,1
Handful,1
28-ounces,1
spatter,1
allowed,1
chourico,3
hunks,1
Mystic,1
cherise,1
phonetic,1
pronunciation,1
sample,1
McIntosh,2
parsnip,1
prunes,2
tumeric,1
skinny,1
stale,1
ribollita,1
dense,1
stew-like,1
crimini,4
portobellos,2
wringing,1
half-and-,1
Salisbury,1
TV,1
DELUXE,1
rabe,1
ridges,1
Artichoke,1
ahi,1
prewashed,1
European,1
five-spice,1
diver,1
foot,1
Manhattan,1
sammy,1
sauces,1
saucy,2
scoops,2
broccolini,4
resulting,1
meatroll,1
Portion,1
YUMMO,1
ballpark,1
Slop,1
build,1
tempered,1
O-nuts,1
glue,1
lettluce,1
tossed,1
o-nuts,1
imported,3
still-hot,1
Whoa,1
Mama,1
dunking,1
medium-sized,1
chianti,1
aglio,1
olio,1
arm,1
aroma,1
Cooked,1
salted-nutty,1
fishy,1
compliments,1
sweetens,1
softens,1
capocola,1
breadcrumb,2
gut-buster,1
Toothpicks,1
outward,1
controlled,1
strokes,1
Twist,1
wring,3
medium-mixing,1
fan,1
floating,1
buoys,1
Surround,1
stakes,1
peppered,1
Temper,1
oil-to,1
boning,1
completes,1
snip,1
Pipe,1
liking,1
massive,1
pico,1
gallo,1
UBER,1
NACHOS,1
list,1
Deviled,2
Sloppy,1
Joe,1
napkins,1
Empire,1
over-stuff,1
mounded,1
snack,1
surround,1
Variation,1
edging,1
duck,2
Palm,1
ought,1
303,1
706,1
ties,1
maque,2
choux,2
milky,1
pits,1
spooned,1
sorbet,1
means,1
whack,1
Throw,1
curled,1
chef,1
tilted,1
twice-around-the-pan,1
looking,1
mushy,1
peppe,1
cloth,1
scoring,1
still-warm,1
477,1
101,1
926,1
Spanish/Mexican,1
nesting,1
cheese-corn,1
boilfor,1
crumbling,2
lifting,1
nested,1
Stella,1
Artois,1
..,1
'cause,1
Uptown,1
here,1
shirk,1
32-,1
vegetarian,1
refried,2
charger,1
part-skim,1
fresh-frozen,1
suggested,1
pizzeria,1
Cornmeal,1
32,1
develop,1
sweetness,1
returns,1
re-season,1
teaspoonfuls,1
gremolata,2
